iter	RMSE
0	8.550035856
1	8.040087445
2	7.614009768
3	7.213691633
